{
    "normal": {
        "theta": [
            -0.006207982457775816,
            -0.05746859646657578,
            0.005053108035131352,
            0.13760862933084791,
            -0.10177659049254288,
            -3.5444090854758543,
            1.5799006618245035,
            0,
            -0.01558150921447826,
            0,
            -0.04266355502269387,
            -0.0006146820268047629,
            0.055077210657810814,
            -0.0020834469630236076,
            0,
            5e-7,
            0.010164709322469736,
            0.0006045000000000081,
            0,
            0.0000025,
            0,
            0,
            -0.0017751741549151402,
            -1.4085291050231383,
            -1.1960073223051189,
            -0.03187784649430186,
            -0.03176195502268876,
            -0.023735317127814286,
            -0.024091306920241782,
            0.006825570669683348,
            0.0006779894138389341,
            -0.009749567364268484,
            0.01414854692652907,
            2.6743066991011784,
            0.0003697786636928539,
            -0.005328075262211516,
            -0.026433947202626824,
            -0.015866911486646755,
            -0.03157642293005912,
            -0.029256346685720972,
            -0.0157284353040576,
            -0.02459158440235248
        ],
        "threshold": 0.7188907488746646,
        "cost": null,
        "config": {
            "alpha": 0.001,
            "lambda": 0,
            "iterations": 1000
        }
    },
    "neptune": {
        "theta": [
            -0.004799840241141784,
            -0.1633567314114527,
            -0.0010261433970125855,
            0.029178114993632726,
            0.02614109997060293,
            -3.9738378216988997,
            -0.6966898961000653,
            0,
            -0.000016999999999999996,
            0,
            -0.001006153485777328,
            -0.0000015,
            -0.00019350000000000015,
            -0.000018500000000000002,
            0,
            -5e-7,
            -0.0000125,
            -0.000004500000000000001,
            0,
            -0.0000025,
            0,
            0,
            -0.0000035,
            0.0032253040909484944,
            0.18457697361612,
            0.02285671909969258,
            0.022383559302270876,
            -0.026053038289668123,
            -0.026235282344220446,
            -0.014341030027366376,
            -0.014797817598180435,
            -0.00032684238970506204,
            -0.002283889427440908,
            -0.012049453648988575,
            -0.0013775605331083458,
            -0.01770166469739015,
            -0.01323648935418833,
            -0.0020193912241612236,
            0.02299090154066146,
            0.02159521263904731,
            -0.016433442584239562,
            -0.025424212934987568
        ],
        "threshold": 0.0000019575217272483162,
        "cost": null,
        "config": {
            "alpha": 0.001,
            "lambda": 0,
            "iterations": 1000
        }
    },
    "warezclient": {
        "theta": [
            -0.035067271395587456,
            0.0443436104805628,
            -0.012740204445962999,
            -0.23934748201015604,
            -0.037034406900426926,
            0.9139473953521038,
            -20.23574285466523,
            0,
            -0.0008017087411849865,
            0,
            0.05793700874419222,
            -0.000015491204341031253,
            -0.018976522251701926,
            -0.0024715000257332516,
            0,
            -5e-7,
            -0.009197351478509306,
            -0.0001625000013118497,
            0,
            -0.0000025,
            0,
            0,
            0.002981499999999972,
            -2.082788852918474,
            -2.0462919999443487,
            -0.00018115525664853108,
            -0.00010107245284177166,
            -0.0008149834192126392,
            -0.000819259264973329,
            -0.03243423963068461,
            -0.0024385422114141823,
            -0.005194955476331116,
            -5.040881215082427,
            -3.2920847765393746,
            -0.01785639871454816,
            -0.003138119164018167,
            -0.01188947522639668,
            -0.001195666075035458,
            -0.0005122648051589919,
            -0.00018999275540509315,
            -0.001699694096811441,
            -0.0005991062982077261
        ],
        "threshold": 0,
        "cost": null,
        "config": {
            "alpha": 0.001,
            "lambda": 0,
            "iterations": 1000
        }
    },
    "ipsweep": {
        "theta": [
            0.01626809136336205,
            -0.15702550001756424,
            0.026670555276547755,
            -0.010706783789938175,
            0.02207834273607074,
            -3.7089140577312505,
            -0.6961912726211599,
            0,
            -0.000016999999999999996,
            0,
            -0.00008200000000011308,
            -0.0000015,
            -0.00019350000000000015,
            -0.000018500000000000002,
            0,
            -5e-7,
            -0.0000125,
            -0.000004500000000000001,
            0,
            -0.0000025,
            0,
            0,
            -0.0000035,
            -0.04151125945312405,
            0.6015805244006155,
            -0.0014338884171128088,
            -0.0012680322952596489,
            -0.00881221565406509,
            -0.008813150654097712,
            0.016649982828356707,
            -0.00005485356987194961,
            0.019256322575211024,
            -0.10946208373699028,
            0.008929821225992498,
            0.013988002841775678,
            0.0035238876173700807,
            0.023582993455008496,
            0.01569326443104631,
            -0.0013667576588676632,
            -0.00044986104652186505,
            -0.007735741654735523,
            -0.006107731450090444
        ],
        "threshold": 1.86099452645754e-7,
        "cost": null,
        "config": {
            "alpha": 0.001,
            "lambda": 0,
            "iterations": 1000
        }
    },
    "portsweep": {
        "theta": [
            -0.0009453047455623196,
            0.0588620795544293,
            -0.0002004820731981575,
            -0.03680958925863844,
            0.0028708841416065604,
            -3.9734149910365972,
            -0.6961657203603754,
            0,
            -0.000016999999999999996,
            0,
            0.0008941596058855208,
            -0.0000015,
            -0.00019350000000000015,
            -0.000018500000000000002,
            0,
            -5e-7,
            -0.0000125,
            -0.000004500000000000001,
            0,
            -0.0000025,
            0,
            0,
            -0.0000035,
            -0.012618864613830105,
            -0.07496550318733233,
            -0.008996353153162771,
            -0.008530084918298254,
            0.008172906366206937,
            0.007906022124914834,
            0.0026054744623149597,
            0.004338453067291413,
            -0.000045746401735916545,
            0.002413215566182025,
            -0.1271927926195412,
            -0.0006649187373197063,
            0.0027427065797089962,
            0.00830132049924642,
            -0.0013837390371600141,
            -0.008856130386547716,
            -0.008514767822126198,
            0.004771561131946813,
            0.007926888848585752
        ],
        "threshold": 5.321893918086783e-28,
        "cost": null,
        "config": {
            "alpha": 0.001,
            "lambda": 0,
            "iterations": 1000
        }
    },