{
    "normal": {
        "theta": [
            0.0006196098618221385,
            -0.059610900436039414,
            0.0016230384160132911,
            0.00046076684443647825,
            -0.005844161082881115,
            -3.7141013996725434,
            1.473794328611719,
            0,
            -0.0007309187556590311,
            0,
            -0.0011356902521835804,
            -0.000025500547366056014,
            0.004013250193866678,
            -0.00009549999999999998,
            0,
            5e-7,
            0.0005035090135492436,
            0.000034500000000000005,
            0,
            0.0000025,
            0,
            0,
            -0.00003550109807076651,
            -0.20619828700405338,
            -0.027664178488390062,
            -0.002625813454461443,
            -0.0026161282788884446,
            -0.001302051968868051,
            -0.0013172446979810616,
            0.002462935794834266,
            0.000003013306134141235,
            -0.000050799097526870266,
            -0.0006789353866950947,
            0.5694011527518165,
            0.001959597524331599,
            -0.0002286491725747337,
            -0.0008963978286528889,
            -0.0005903652876488263,
            -0.002605748911849871,
            -0.002494848226754658,
            -0.0009310486204308842,
            -0.0013398177892184377
        ],
        "threshold": 0.6528230444196595,
        "cost": null,
        "config": {
            "alpha": 0.001,
            "lambda": 0,
            "iterations": 50
        }
    },
    "neptune": {
        "theta": [
            -0.00019305674559875354,
            -0.15746724079029756,
            -0.00018309539628579602,
            0.010061982744143268,
            0.0019805103295418985,
            -3.973416297698141,
            -0.6961644210065949,
            0,
            -0.000016999999999999996,
            0,
            -0.00012881063206688641,
            -0.0000015,
            -0.00019350000000000015,
            -0.000018500000000000002,
            0,
            -5e-7,
            -0.0000125,
            -0.000004500000000000001,
            0,
            -0.0000025,
            0,
            0,
            -0.0000035,
            0.006374982188706722,
            0.008957204830304372,
            0.0015455947107053548,
            0.001520509346389118,
            -0.0013914704110287318,
            -0.0014089858946956205,
            -0.0007820161144372124,
            -0.000846969572790803,
            -0.000034475362961404934,
            0.0017074577171715555,
            -0.011270916054890102,
            -0.00009338956193296312,
            -0.0009850293324275756,
            -0.0007719286399721939,
            -0.00010256200522927875,
            0.0015442936124735397,
            0.0014381163653538012,
            -0.0008603218791882058,
            -0.0013813852087038822
        ],
        "threshold": 3.600572374935912e-7,
        "cost": null,
        "config": {
            "alpha": 0.001,
            "lambda": 0,
            "iterations": 50
        }
    },
    "warezclient": {
        "theta": [
            -0.004446181891191695,
            -0.02325814223056958,
            -0.002156542794267409,
            -0.032918670721847766,
            -0.004814957534087168,
            -2.2140617652680548,
            -2.409181561098059,
            0,
            -0.00017169527097159074,
            0,
            0.002403008795658969,
            -0.000015491204341031253,
            -0.002432582654884422,
            -0.00016250000000000002,
            0,
            -5e-7,
            -0.00048347336319301104,
            -0.00002350000000000001,
            0,
            -0.0000025,
            0,
            0,
            0.00013150000000000005,
            -0.20522423051821417,
            -0.1832580263611123,
            -0.00014980246123982415,
            -0.0001448924528417724,
            -0.00010953011707566122,
            -0.00011369316924745788,
            -0.003982287713180306,
            -0.0003382688318986808,
            -0.0007688748258851004,
            -0.6574140726191795,
            -0.513987863964673,
            -0.0026415891303849773,
            -0.0003749933474517727,
            -0.0013200899362739212,
            -0.00022425582085854818,
            -0.00017978886526038746,
            -0.00015433052478130784,
            -0.00016006149441234502,
            -0.00009252207463855486
        ],
        "threshold": 0,
        "cost": null,
        "config": {
            "alpha": 0.001,
            "lambda": 0,
            "iterations": 50
        }
    },
    "ipsweep": {
        "theta": [
            0.0006831314399034041,
            -0.15702550000072263,
            0.0012104999999961695,
            -0.003773403966082689,
            0.0005125797166885325,
            -3.960094500000006,
            -0.6961561629025601,
            0,
            -0.000016999999999999996,
            0,
            -0.00008200000000000359,
            -0.0000015,
            -0.00019350000000000015,
            -0.000018500000000000002,
            0,
            -5e-7,
            -0.0000125,
            -0.000004500000000000001,
            0,
            -0.0000025,
            0,
            0,
            -0.0000035,
            -0.039736730186247154,
            0.020541998653840647,
            -0.00015695626833246983,
            -0.00015455157999465964,
            -0.00022283151973136867,
            -0.00022376651973751336,
            0.0008632078467392676,
            -0.00003483663614189084,
            0.0009925974317392036,
            -0.08558200582597673,
            0.013772205707313377,
            0.0007622887838692907,
            0.000145208649483192,
            0.0011853824305896057,
            0.0008150588111043425,
            -0.0001569251928768342,
            -0.000147027588467004,
            -0.00019876233128979012,
            -0.0001481556381622413
        ],
        "threshold": 6.158338464024671e-8,
        "cost": null,
        "config": {
            "alpha": 0.001,
            "lambda": 0,
            "iterations": 50
        }
    },
    "portsweep": {
        "theta": [
            -0.00016370489678513335,
            0.05055633959056763,
            -0.00014170151892226897,
            -0.007858847354725876,
            0.0001059038585863387,
            -3.9733856007594572,
            -0.6961569494757457,
            0,
            -0.000016999999999999996,
            0,
            -0.00003284876990903107,
            -0.0000015,
            -0.00019350000000000015,
            -0.000018500000000000002,
            0,
            -5e-7,
            -0.0000125,
            -0.000004500000000000001,
            0,
            -0.0000025,
            0,
            0,
            -0.0000035,
            -0.015900134191745487,
            -0.014229211089932884,
            -0.0005255666594382335,
            -0.00050462170766765,
            0.0006340301019909511,
            0.0006292779738311086,
            -0.000026659825387512403,
            0.0003236095426128757,
            -0.000045535297679891604,
            -0.0002998032240046121,
            -0.05863463151711115,
            -0.0002767454430539057,
            0.0002496786135789669,
            0.0004597924486866355,
            -0.00007483444055649933,
            -0.0005184058012828231,
            -0.0005012268349118058,
            0.00036411293491756853,
            0.0006328315903124293
        ],
        "threshold": 5.918593086690877e-17,
        "cost": null,
        "config": {
            "alpha": 0.001,
            "lambda": 0,
            "iterations": 50
        }
    },