{"theta":[-0.011256218351862843,-1.6388939598960752,0.008249200202663079,-0.16161139209680364,-0.03895495819511726,-2.703860594610659,0.742631251615195,0,-0.0008683860667619554,0,-0.01947598636372258,-0.0068404787720843995,0.008142951466630266,-0.0009914956751831058,0,0,0,-0.013336399886147222,0,0,0,0,-0.006319074702128982,0.13665566610791968,-0.05911732708920782,-0.008237374129579717,-0.0061112777214204815,-0.0176976792321087,-0.018189893812580828,-0.007104874532870511,-0.010718753532997921,-0.010855936669631394,-0.3629657519603827,0.7725620703450515,-0.003675836901374954,0.002431930993485907,0.00511485989082103,-0.0014538346648349278,-0.0070911509457187985,-0.008023421533621986,-0.01484738570784301,-0.01504112254122674],"threshold":1,"cost":null,"config":{"alpha":0.001,"lambda":0.6,"iterations":500}}